<?xml version="1.0" encoding="UTF-8"?>
<?latexml searchpaths="D:\aprendes-bat\reales"?>
<?latexml class="article" options="a4paper,12pt"?>
<?latexml package="amsfonts"?>
<?latexml package="amssymb"?>
<?latexml package="amsmath"?>
<?latexml package="geometry" options="hmargin=3cm,3cm,vmargin=2.5cm,2.5cm,offset=0pt,footskip=1cm,headsep=1cm"?>
<?latexml package="babel" options="spanish"?>
<?latexml package="inputenc" options="utf8"?>
<?latexml package="fontenc" options="T1"?>
<?latexml package="xcolor"?>
<?latexml package="graphicx"?>
<?latexml package="hyperref" options="colorlinks,linkcolor=blue"?>
<?latexml package="amsthm"?>
<!--  %TCIDATA{OutputFilter=latex2.dll} --><!--  %TCIDATA{Version=5.50.0.2960} --><!--  %TCIDATA{CSTFile=TEArtAprendes.cst} --><!--  %TCIDATA{Created=Tuesday,␣May␣28,␣2002␣15:32:43} --><!--  %TCIDATA{LastRevised=Saturday,␣October␣08,␣2022␣16:34:33} --><!--  %TCIDATA{&lt;META␣NAME="GraphicsSave"␣CONTENT="32"&gt;} --><!--  %TCIDATA{&lt;META␣NAME="SaveForMode"␣CONTENT="1"&gt;} --><!--  %TCIDATA{BibliographyScheme=Manual} --><!--  %TCIDATA{&lt;META␣NAME="DocumentShell"␣CONTENT="Articles\SW\techexplorerAprendes␣Article"&gt;} --><!--  %BeginMSIPreambleData --><!--  %****␣test2.tex␣Line␣25␣**** --><!--  %EndMSIPreambleData --><?latexml graphicspath="D:/aprendes-bat/reales/img/"?>
<!--  %****␣test2.tex␣Line␣50␣**** --><?latexml RelaxNGSchema="LaTeXML"?>
<document xmlns="http://dlmf.nist.gov/LaTeXML" class="ltx_authors_1line">
  <resource src="LaTeXML.css" type="text/css"/>
  <resource src="ltx-article.css" type="text/css"/>
  <title>Números reales: Test 2</title>
  <creator role="author">
    <personname/>
  </creator>
  <date role="creation"/>
  <para xml:id="p1">
    <enumerate xml:id="S0.I1">
      <item xml:id="S0.I1.i1">
        <tags>
          <tag>1.</tag>
          <tag role="autoref">item 1</tag>
          <tag role="refnum">1</tag>
          <tag role="typerefnum">item 1</tag>
        </tags>
        <para xml:id="S0.I1.i1.p1">
          <p>¿Cuál de las siguientes afirmaciones es verdadera?</p>
        </para>
        <para xml:id="S0.I1.i1.p2">
          <enumerate xml:id="S0.I1.i1.I1">
            <item xml:id="S0.I1.i1.I1.i1">
              <tags>
                <tag><emph font="italic">a</emph>)</tag>
                <tag role="autoref">item 1<emph font="italic">a</emph></tag>
                <tag role="refnum">1<emph font="italic">a</emph></tag>
                <tag role="typerefnum">item 1<emph font="italic">a</emph></tag>
              </tags>
              <para xml:id="S0.I1.i1.I1.i1.p1">
                <p>La raíz <Math mode="inline" tex="n" text="n" xml:id="S0.I1.i1.I1.i1.p1.m1">
                    <XMath>
                      <XMTok font="italic" role="UNKNOWN">n</XMTok>
                    </XMath>
                  </Math>-ésima de un número negativo siempre existe</p>
              </para>
            </item>
            <item xml:id="S0.I1.i1.I1.i2">
              <tags>
                <tag><emph font="italic">b</emph>)</tag>
                <tag role="autoref">item 1<emph font="italic">b</emph></tag>
                <tag role="refnum">1<emph font="italic">b</emph></tag>
                <tag role="typerefnum">item 1<emph font="italic">b</emph></tag>
              </tags>
              <para xml:id="S0.I1.i1.I1.i2.p1">
                <p>La raíz <Math mode="inline" tex="\sqrt{x^{2}}" text="square-root@(x ^ 2)" xml:id="S0.I1.i1.I1.i2.p1.m1">
                    <XMath>
                      <XMApp>
                        <XMTok meaning="square-root"/>
                        <XMApp>
                          <XMTok role="SUPERSCRIPTOP" scriptpos="post2"/>
                          <XMTok font="italic" role="UNKNOWN">x</XMTok>
                          <XMTok fontsize="70%" meaning="2" role="NUMBER">2</XMTok>
                        </XMApp>
                      </XMApp>
                    </XMath>
                  </Math> tiene por valor <Math mode="inline" tex="\left|x\right|" text="absolute-value@(x)" xml:id="S0.I1.i1.I1.i2.p1.m2">
                    <XMath>
                      <XMDual>
                        <XMApp>
                          <XMTok meaning="absolute-value"/>
                          <XMRef idref="S0.I1.i1.I1.i2.p1.m2.1"/>
                        </XMApp>
                        <XMWrap>
                          <XMTok role="VERTBAR" stretchy="true">|</XMTok>
                          <XMTok font="italic" role="UNKNOWN" xml:id="S0.I1.i1.I1.i2.p1.m2.1">x</XMTok>
                          <XMTok role="VERTBAR" stretchy="true">|</XMTok>
                        </XMWrap>
                      </XMDual>
                    </XMath>
                  </Math> (*)</p>
              </para>
            </item>
            <item xml:id="S0.I1.i1.I1.i3">
              <tags>
                <tag><emph font="italic">c</emph>)</tag>
                <tag role="autoref">item 1<emph font="italic">c</emph></tag>
                <tag role="refnum">1<emph font="italic">c</emph></tag>
                <tag role="typerefnum">item 1<emph font="italic">c</emph></tag>
              </tags>
              <para xml:id="S0.I1.i1.I1.i3.p1">
                <p>La ecuación <Math mode="inline" tex="x^{4}=-3^{4}" text="x ^ 4 = - 3 ^ 4" xml:id="S0.I1.i1.I1.i3.p1.m1">
                    <XMath>
                      <XMApp>
                        <XMTok meaning="equals" role="RELOP">=</XMTok>
                        <XMApp>
                          <XMTok role="SUPERSCRIPTOP" scriptpos="post1"/>
                          <XMTok font="italic" role="UNKNOWN">x</XMTok>
                          <XMTok fontsize="70%" meaning="4" role="NUMBER">4</XMTok>
                        </XMApp>
                        <XMApp>
                          <XMTok meaning="minus" role="ADDOP">-</XMTok>
                          <XMApp>
                            <XMTok role="SUPERSCRIPTOP" scriptpos="post1"/>
                            <XMTok meaning="3" role="NUMBER">3</XMTok>
                            <XMTok fontsize="70%" meaning="4" role="NUMBER">4</XMTok>
                          </XMApp>
                        </XMApp>
                      </XMApp>
                    </XMath>
                  </Math> tiene por solución <Math mode="inline" tex="-3" text="- 3" xml:id="S0.I1.i1.I1.i3.p1.m2">
                    <XMath>
                      <XMApp>
                        <XMTok meaning="minus" role="ADDOP">-</XMTok>
                        <XMTok meaning="3" role="NUMBER">3</XMTok>
                      </XMApp>
                    </XMath>
                  </Math></p>
              </para>
            </item>
            <item xml:id="S0.I1.i1.I1.i4">
              <tags>
                <tag><emph font="italic">d</emph>)</tag>
                <tag role="autoref">item 1<emph font="italic">d</emph></tag>
                <tag role="refnum">1<emph font="italic">d</emph></tag>
                <tag role="typerefnum">item 1<emph font="italic">d</emph></tag>
              </tags>
              <para xml:id="S0.I1.i1.I1.i4.p1">
                <p><Math mode="inline" tex="\sqrt{a^{2}+b^{2}}=a+b" text="square-root@(a ^ 2 + b ^ 2) = a + b" xml:id="S0.I1.i1.I1.i4.p1.m1">
                    <XMath>
                      <XMApp>
                        <XMTok meaning="equals" role="RELOP">=</XMTok>
                        <XMApp>
                          <XMTok meaning="square-root"/>
                          <XMApp>
                            <XMTok meaning="plus" role="ADDOP">+</XMTok>
                            <XMApp>
                              <XMTok role="SUPERSCRIPTOP" scriptpos="post2"/>
                              <XMTok font="italic" role="UNKNOWN">a</XMTok>
                              <XMTok fontsize="70%" meaning="2" role="NUMBER">2</XMTok>
                            </XMApp>
                            <XMApp>
                              <XMTok role="SUPERSCRIPTOP" scriptpos="post2"/>
                              <XMTok font="italic" role="UNKNOWN">b</XMTok>
                              <XMTok fontsize="70%" meaning="2" role="NUMBER">2</XMTok>
                            </XMApp>
                          </XMApp>
                        </XMApp>
                        <XMApp>
                          <XMTok meaning="plus" role="ADDOP">+</XMTok>
                          <XMTok font="italic" role="UNKNOWN">a</XMTok>
                          <XMTok font="italic" role="UNKNOWN">b</XMTok>
                        </XMApp>
                      </XMApp>
                    </XMath>
                  </Math>, cualesquiera que sean los números reales
<Math mode="inline" tex="a" text="a" xml:id="S0.I1.i1.I1.i4.p1.m2">
                    <XMath>
                      <XMTok font="italic" role="UNKNOWN">a</XMTok>
                    </XMath>
                  </Math> y <Math mode="inline" tex="b" text="b" xml:id="S0.I1.i1.I1.i4.p1.m3">
                    <XMath>
                      <XMTok font="italic" role="UNKNOWN">b</XMTok>
                    </XMath>
                  </Math></p>
              </para>
            </item>
          </enumerate>
        </para>
      </item>
      <item xml:id="S0.I1.i2">
        <tags>
          <tag>2.</tag>
          <tag role="autoref">item 2</tag>
          <tag role="refnum">2</tag>
          <tag role="typerefnum">item 2</tag>
        </tags>
        <para xml:id="S0.I1.i2.p1">
          <p>¿Cuál de las siguientes afirmaciones es falsa?</p>
        </para>
        <para xml:id="S0.I1.i2.p2">
          <enumerate xml:id="S0.I1.i2.I1">
<!--  %****␣test2.tex␣Line␣75␣**** -->            <item xml:id="S0.I1.i2.I1.i1">
              <tags>
                <tag><emph font="italic">a</emph>)</tag>
                <tag role="autoref">item 2<emph font="italic">a</emph></tag>
                <tag role="refnum">2<emph font="italic">a</emph></tag>
                <tag role="typerefnum">item 2<emph font="italic">a</emph></tag>
              </tags>
              <para xml:id="S0.I1.i2.I1.i1.p1">
                <p><Math mode="inline" tex="2^{-3/5}=1/\sqrt[5]{2^{3}}" text="2 ^ (- 3 / 5) = 1 / nth-root@(5, 2 ^ 3)" xml:id="S0.I1.i2.I1.i1.p1.m1">
                    <XMath>
                      <XMApp>
                        <XMTok meaning="equals" role="RELOP">=</XMTok>
                        <XMApp>
                          <XMTok role="SUPERSCRIPTOP" scriptpos="post1"/>
                          <XMTok meaning="2" role="NUMBER">2</XMTok>
                          <XMApp>
                            <XMTok fontsize="70%" meaning="minus" role="ADDOP">-</XMTok>
                            <XMApp>
                              <XMTok fontsize="70%" meaning="divide" role="MULOP">/</XMTok>
                              <XMTok fontsize="70%" meaning="3" role="NUMBER">3</XMTok>
                              <XMTok fontsize="70%" meaning="5" role="NUMBER">5</XMTok>
                            </XMApp>
                          </XMApp>
                        </XMApp>
                        <XMApp>
                          <XMTok meaning="divide" role="MULOP">/</XMTok>
                          <XMTok meaning="1" role="NUMBER">1</XMTok>
                          <XMApp>
                            <XMTok meaning="nth-root"/>
                            <XMTok fontsize="70%" meaning="5" role="NUMBER">5</XMTok>
                            <XMApp>
                              <XMTok role="SUPERSCRIPTOP" scriptpos="post2"/>
                              <XMTok meaning="2" role="NUMBER">2</XMTok>
                              <XMTok fontsize="70%" meaning="3" role="NUMBER">3</XMTok>
                            </XMApp>
                          </XMApp>
                        </XMApp>
                      </XMApp>
                    </XMath>
                  </Math></p>
              </para>
            </item>
            <item xml:id="S0.I1.i2.I1.i2">
              <tags>
                <tag><emph font="italic">b</emph>)</tag>
                <tag role="autoref">item 2<emph font="italic">b</emph></tag>
                <tag role="refnum">2<emph font="italic">b</emph></tag>
                <tag role="typerefnum">item 2<emph font="italic">b</emph></tag>
              </tags>
              <para xml:id="S0.I1.i2.I1.i2.p1">
                <p><Math mode="inline" tex="\sqrt[3]{2^{5}}/2=2^{2/3}" text="nth-root@(3, 2 ^ 5) / 2 = 2 ^ (2 / 3)" xml:id="S0.I1.i2.I1.i2.p1.m1">
                    <XMath>
                      <XMApp>
                        <XMTok meaning="equals" role="RELOP">=</XMTok>
                        <XMApp>
                          <XMTok meaning="divide" role="MULOP">/</XMTok>
                          <XMApp>
                            <XMTok meaning="nth-root"/>
                            <XMTok fontsize="70%" meaning="3" role="NUMBER">3</XMTok>
                            <XMApp>
                              <XMTok role="SUPERSCRIPTOP" scriptpos="post2"/>
                              <XMTok meaning="2" role="NUMBER">2</XMTok>
                              <XMTok fontsize="70%" meaning="5" role="NUMBER">5</XMTok>
                            </XMApp>
                          </XMApp>
                          <XMTok meaning="2" role="NUMBER">2</XMTok>
                        </XMApp>
                        <XMApp>
                          <XMTok role="SUPERSCRIPTOP" scriptpos="post1"/>
                          <XMTok meaning="2" role="NUMBER">2</XMTok>
                          <XMApp>
                            <XMTok fontsize="70%" meaning="divide" role="MULOP">/</XMTok>
                            <XMTok fontsize="70%" meaning="2" role="NUMBER">2</XMTok>
                            <XMTok fontsize="70%" meaning="3" role="NUMBER">3</XMTok>
                          </XMApp>
                        </XMApp>
                      </XMApp>
                    </XMath>
                  </Math></p>
              </para>
            </item>
            <item xml:id="S0.I1.i2.I1.i3">
              <tags>
                <tag><emph font="italic">c</emph>)</tag>
                <tag role="autoref">item 2<emph font="italic">c</emph></tag>
                <tag role="refnum">2<emph font="italic">c</emph></tag>
                <tag role="typerefnum">item 2<emph font="italic">c</emph></tag>
              </tags>
              <para xml:id="S0.I1.i2.I1.i3.p1">
                <p><Math mode="inline" tex="\sqrt{2\sqrt{2\sqrt{2}}}=2^{7/8}" text="square-root@(2 * square-root@(2 * square-root@(2))) = 2 ^ (7 / 8)" xml:id="S0.I1.i2.I1.i3.p1.m1">
                    <XMath>
                      <XMApp>
                        <XMTok meaning="equals" role="RELOP">=</XMTok>
                        <XMApp>
                          <XMTok meaning="square-root"/>
                          <XMApp>
                            <XMTok meaning="times" role="MULOP">⁢</XMTok>
                            <XMTok meaning="2" role="NUMBER">2</XMTok>
                            <XMApp>
                              <XMTok meaning="square-root"/>
                              <XMApp>
                                <XMTok meaning="times" role="MULOP">⁢</XMTok>
                                <XMTok meaning="2" role="NUMBER">2</XMTok>
                                <XMApp>
                                  <XMTok meaning="square-root"/>
                                  <XMTok meaning="2" role="NUMBER">2</XMTok>
                                </XMApp>
                              </XMApp>
                            </XMApp>
                          </XMApp>
                        </XMApp>
                        <XMApp>
                          <XMTok role="SUPERSCRIPTOP" scriptpos="post1"/>
                          <XMTok meaning="2" role="NUMBER">2</XMTok>
                          <XMApp>
                            <XMTok fontsize="70%" meaning="divide" role="MULOP">/</XMTok>
                            <XMTok fontsize="70%" meaning="7" role="NUMBER">7</XMTok>
                            <XMTok fontsize="70%" meaning="8" role="NUMBER">8</XMTok>
                          </XMApp>
                        </XMApp>
                      </XMApp>
                    </XMath>
                  </Math></p>
              </para>
            </item>
            <item xml:id="S0.I1.i2.I1.i4">
              <tags>
                <tag><emph font="italic">d</emph>)</tag>
                <tag role="autoref">item 2<emph font="italic">d</emph></tag>
                <tag role="refnum">2<emph font="italic">d</emph></tag>
                <tag role="typerefnum">item 2<emph font="italic">d</emph></tag>
              </tags>
              <para xml:id="S0.I1.i2.I1.i4.p1">
                <p><Math mode="inline" tex="3\cdot 32^{4/5}=16" text="3 cdot 32 ^ (4 / 5) = 16" xml:id="S0.I1.i2.I1.i4.p1.m1">
                    <XMath>
                      <XMApp>
                        <XMTok meaning="equals" role="RELOP">=</XMTok>
                        <XMApp>
                          <XMTok name="cdot" role="MULOP">⋅</XMTok>
                          <XMTok meaning="3" role="NUMBER">3</XMTok>
                          <XMApp>
                            <XMTok role="SUPERSCRIPTOP" scriptpos="post1"/>
                            <XMTok meaning="32" role="NUMBER">32</XMTok>
                            <XMApp>
                              <XMTok fontsize="70%" meaning="divide" role="MULOP">/</XMTok>
                              <XMTok fontsize="70%" meaning="4" role="NUMBER">4</XMTok>
                              <XMTok fontsize="70%" meaning="5" role="NUMBER">5</XMTok>
                            </XMApp>
                          </XMApp>
                        </XMApp>
                        <XMTok meaning="16" role="NUMBER">16</XMTok>
                      </XMApp>
                    </XMath>
                  </Math> (*)</p>
              </para>
            </item>
          </enumerate>
        </para>
      </item>
      <item xml:id="S0.I1.i3">
        <tags>
          <tag>3.</tag>
          <tag role="autoref">item 3</tag>
          <tag role="refnum">3</tag>
          <tag role="typerefnum">item 3</tag>
        </tags>
        <para xml:id="S0.I1.i3.p1">
          <p>Al convertir en una sola raíz la expresión</p>
          <equation xml:id="S0.Ex1">
            <Math mode="display" tex="\frac{\sqrt[4]{a^{3}}\cdot\sqrt[3]{a}\cdot\sqrt{a}}{a\cdot\sqrt[6]{a}}" text="(nth-root@(4, a ^ 3) cdot nth-root@(3, a) cdot square-root@(a)) / (a cdot nth-root@(6, a))" xml:id="S0.Ex1.m1">
              <XMath>
                <XMApp>
                  <XMTok mathstyle="display" meaning="divide" role="FRACOP"/>
                  <XMApp>
                    <XMTok name="cdot" role="MULOP">⋅</XMTok>
                    <XMApp>
                      <XMTok meaning="nth-root"/>
                      <XMTok fontsize="70%" meaning="4" role="NUMBER">4</XMTok>
                      <XMApp>
                        <XMTok role="SUPERSCRIPTOP" scriptpos="post3"/>
                        <XMTok font="italic" role="UNKNOWN">a</XMTok>
                        <XMTok fontsize="70%" meaning="3" role="NUMBER">3</XMTok>
                      </XMApp>
                    </XMApp>
                    <XMApp>
                      <XMTok meaning="nth-root"/>
                      <XMTok fontsize="70%" meaning="3" role="NUMBER">3</XMTok>
                      <XMTok font="italic" role="UNKNOWN">a</XMTok>
                    </XMApp>
                    <XMApp>
                      <XMTok meaning="square-root"/>
                      <XMTok font="italic" role="UNKNOWN">a</XMTok>
                    </XMApp>
                  </XMApp>
                  <XMApp>
                    <XMTok name="cdot" role="MULOP">⋅</XMTok>
                    <XMTok font="italic" role="UNKNOWN">a</XMTok>
                    <XMApp>
                      <XMTok meaning="nth-root"/>
                      <XMTok fontsize="70%" meaning="6" role="NUMBER">6</XMTok>
                      <XMTok font="italic" role="UNKNOWN">a</XMTok>
                    </XMApp>
                  </XMApp>
                </XMApp>
              </XMath>
            </Math>
          </equation>
          <p>se obtiene:</p>
        </para>
        <para xml:id="S0.I1.i3.p2">
          <enumerate xml:id="S0.I1.i3.I1">
            <item xml:id="S0.I1.i3.I1.i1">
              <tags>
                <tag><emph font="italic">a</emph>)</tag>
                <tag role="autoref">item 3<emph font="italic">a</emph></tag>
                <tag role="refnum">3<emph font="italic">a</emph></tag>
                <tag role="typerefnum">item 3<emph font="italic">a</emph></tag>
              </tags>
              <para xml:id="S0.I1.i3.I1.i1.p1">
                <p><Math mode="inline" tex="\sqrt{a}" text="square-root@(a)" xml:id="S0.I1.i3.I1.i1.p1.m1">
                    <XMath>
                      <XMApp>
                        <XMTok meaning="square-root"/>
                        <XMTok font="italic" role="UNKNOWN">a</XMTok>
                      </XMApp>
                    </XMath>
                  </Math></p>
              </para>
            </item>
            <item xml:id="S0.I1.i3.I1.i2">
              <tags>
                <tag><emph font="italic">b</emph>)</tag>
                <tag role="autoref">item 3<emph font="italic">b</emph></tag>
                <tag role="refnum">3<emph font="italic">b</emph></tag>
                <tag role="typerefnum">item 3<emph font="italic">b</emph></tag>
              </tags>
              <para xml:id="S0.I1.i3.I1.i2.p1">
                <p><Math mode="inline" tex="\sqrt[12]{a^{5}}" text="nth-root@(12, a ^ 5)" xml:id="S0.I1.i3.I1.i2.p1.m1">
                    <XMath>
                      <XMApp>
                        <XMTok meaning="nth-root"/>
                        <XMTok fontsize="70%" meaning="12" role="NUMBER">12</XMTok>
                        <XMApp>
                          <XMTok role="SUPERSCRIPTOP" scriptpos="post2"/>
                          <XMTok font="italic" role="UNKNOWN">a</XMTok>
                          <XMTok fontsize="70%" meaning="5" role="NUMBER">5</XMTok>
                        </XMApp>
                      </XMApp>
                    </XMath>
                  </Math> (*)</p>
              </para>
            </item>
            <item xml:id="S0.I1.i3.I1.i3">
              <tags>
                <tag><emph font="italic">c</emph>)</tag>
                <tag role="autoref">item 3<emph font="italic">c</emph></tag>
                <tag role="refnum">3<emph font="italic">c</emph></tag>
                <tag role="typerefnum">item 3<emph font="italic">c</emph></tag>
              </tags>
              <para xml:id="S0.I1.i3.I1.i3.p1">
                <p><Math mode="inline" tex="\sqrt[3]{a}" text="nth-root@(3, a)" xml:id="S0.I1.i3.I1.i3.p1.m1">
                    <XMath>
                      <XMApp>
                        <XMTok meaning="nth-root"/>
                        <XMTok fontsize="70%" meaning="3" role="NUMBER">3</XMTok>
                        <XMTok font="italic" role="UNKNOWN">a</XMTok>
                      </XMApp>
                    </XMath>
                  </Math></p>
              </para>
            </item>
            <item xml:id="S0.I1.i3.I1.i4">
              <tags>
                <tag><emph font="italic">d</emph>)</tag>
                <tag role="autoref">item 3<emph font="italic">d</emph></tag>
                <tag role="refnum">3<emph font="italic">d</emph></tag>
                <tag role="typerefnum">item 3<emph font="italic">d</emph></tag>
              </tags>
              <para xml:id="S0.I1.i3.I1.i4.p1">
                <p>Ninguna de las anteriores</p>
              </para>
            </item>
          </enumerate>
        </para>
<!--  %****␣test2.tex␣Line␣100␣**** -->      </item>
      <item xml:id="S0.I1.i4">
        <tags>
          <tag>4.</tag>
          <tag role="autoref">item 4</tag>
          <tag role="refnum">4</tag>
          <tag role="typerefnum">item 4</tag>
        </tags>
        <para xml:id="S0.I1.i4.p1">
          <p>Al simplificar la expresión</p>
          <equation xml:id="S0.Ex2">
            <Math mode="display" tex="\sqrt[3]{16}-\sqrt[3]{81}+\sqrt[3]{250}+\sqrt[3]{\frac{3}{8}}" text="(nth-root@(3, 16) - nth-root@(3, 81)) + nth-root@(3, 250) + nth-root@(3, 3 / 8)" xml:id="S0.Ex2.m1">
              <XMath>
                <XMApp>
                  <XMTok meaning="plus" role="ADDOP">+</XMTok>
                  <XMApp>
                    <XMTok meaning="minus" role="ADDOP">-</XMTok>
                    <XMApp>
                      <XMTok meaning="nth-root"/>
                      <XMTok fontsize="70%" meaning="3" role="NUMBER">3</XMTok>
                      <XMTok meaning="16" role="NUMBER">16</XMTok>
                    </XMApp>
                    <XMApp>
                      <XMTok meaning="nth-root"/>
                      <XMTok fontsize="70%" meaning="3" role="NUMBER">3</XMTok>
                      <XMTok meaning="81" role="NUMBER">81</XMTok>
                    </XMApp>
                  </XMApp>
                  <XMApp>
                    <XMTok meaning="nth-root"/>
                    <XMTok fontsize="70%" meaning="3" role="NUMBER">3</XMTok>
                    <XMTok meaning="250" role="NUMBER">250</XMTok>
                  </XMApp>
                  <XMApp>
                    <XMTok meaning="nth-root"/>
                    <XMTok fontsize="70%" meaning="3" role="NUMBER">3</XMTok>
                    <XMApp>
                      <XMTok mathstyle="display" meaning="divide" role="FRACOP"/>
                      <XMTok meaning="3" role="NUMBER">3</XMTok>
                      <XMTok meaning="8" role="NUMBER">8</XMTok>
                    </XMApp>
                  </XMApp>
                </XMApp>
              </XMath>
            </Math>
          </equation>
          <p>se obtiene:</p>
        </para>
        <para xml:id="S0.I1.i4.p2">
          <enumerate xml:id="S0.I1.i4.I1">
            <item xml:id="S0.I1.i4.I1.i1">
              <tags>
                <tag><emph font="italic">a</emph>)</tag>
                <tag role="autoref">item 4<emph font="italic">a</emph></tag>
                <tag role="refnum">4<emph font="italic">a</emph></tag>
                <tag role="typerefnum">item 4<emph font="italic">a</emph></tag>
              </tags>
              <para xml:id="S0.I1.i4.I1.i1.p1">
                <p><Math mode="inline" tex="\frac{9}{2}\cdot\sqrt[3]{5}" text="(9 / 2) cdot nth-root@(3, 5)" xml:id="S0.I1.i4.I1.i1.p1.m1">
                    <XMath>
                      <XMApp>
                        <XMTok name="cdot" role="MULOP">⋅</XMTok>
                        <XMApp>
                          <XMTok mathstyle="text" meaning="divide" role="FRACOP"/>
                          <XMTok fontsize="70%" meaning="9" role="NUMBER">9</XMTok>
                          <XMTok fontsize="70%" meaning="2" role="NUMBER">2</XMTok>
                        </XMApp>
                        <XMApp>
                          <XMTok meaning="nth-root"/>
                          <XMTok fontsize="70%" meaning="3" role="NUMBER">3</XMTok>
                          <XMTok meaning="5" role="NUMBER">5</XMTok>
                        </XMApp>
                      </XMApp>
                    </XMath>
                  </Math></p>
              </para>
            </item>
            <item xml:id="S0.I1.i4.I1.i2">
              <tags>
                <tag><emph font="italic">b</emph>)</tag>
                <tag role="autoref">item 4<emph font="italic">b</emph></tag>
                <tag role="refnum">4<emph font="italic">b</emph></tag>
                <tag role="typerefnum">item 4<emph font="italic">b</emph></tag>
              </tags>
              <para xml:id="S0.I1.i4.I1.i2.p1">
                <p><Math mode="inline" tex="7\cdot\sqrt[3]{3}" text="7 cdot nth-root@(3, 3)" xml:id="S0.I1.i4.I1.i2.p1.m1">
                    <XMath>
                      <XMApp>
                        <XMTok name="cdot" role="MULOP">⋅</XMTok>
                        <XMTok meaning="7" role="NUMBER">7</XMTok>
                        <XMApp>
                          <XMTok meaning="nth-root"/>
                          <XMTok fontsize="70%" meaning="3" role="NUMBER">3</XMTok>
                          <XMTok meaning="3" role="NUMBER">3</XMTok>
                        </XMApp>
                      </XMApp>
                    </XMath>
                  </Math></p>
              </para>
            </item>
            <item xml:id="S0.I1.i4.I1.i3">
              <tags>
                <tag><emph font="italic">c</emph>)</tag>
                <tag role="autoref">item 4<emph font="italic">c</emph></tag>
                <tag role="refnum">4<emph font="italic">c</emph></tag>
                <tag role="typerefnum">item 4<emph font="italic">c</emph></tag>
              </tags>
              <para xml:id="S0.I1.i4.I1.i3.p1">
                <p><Math mode="inline" tex="7\cdot\sqrt[3]{2}-\frac{5}{2}\sqrt[3]{3}" text="7 cdot nth-root@(3, 2) - (5 / 2) * nth-root@(3, 3)" xml:id="S0.I1.i4.I1.i3.p1.m1">
                    <XMath>
                      <XMApp>
                        <XMTok meaning="minus" role="ADDOP">-</XMTok>
                        <XMApp>
                          <XMTok name="cdot" role="MULOP">⋅</XMTok>
                          <XMTok meaning="7" role="NUMBER">7</XMTok>
                          <XMApp>
                            <XMTok meaning="nth-root"/>
                            <XMTok fontsize="70%" meaning="3" role="NUMBER">3</XMTok>
                            <XMTok meaning="2" role="NUMBER">2</XMTok>
                          </XMApp>
                        </XMApp>
                        <XMApp>
                          <XMTok meaning="times" role="MULOP">⁢</XMTok>
                          <XMApp>
                            <XMTok mathstyle="text" meaning="divide" role="FRACOP"/>
                            <XMTok fontsize="70%" meaning="5" role="NUMBER">5</XMTok>
                            <XMTok fontsize="70%" meaning="2" role="NUMBER">2</XMTok>
                          </XMApp>
                          <XMApp>
                            <XMTok meaning="nth-root"/>
                            <XMTok fontsize="70%" meaning="3" role="NUMBER">3</XMTok>
                            <XMTok meaning="3" role="NUMBER">3</XMTok>
                          </XMApp>
                        </XMApp>
                      </XMApp>
                    </XMath>
                  </Math> (*)</p>
              </para>
            </item>
            <item xml:id="S0.I1.i4.I1.i4">
              <tags>
                <tag><emph font="italic">d</emph>)</tag>
                <tag role="autoref">item 4<emph font="italic">d</emph></tag>
                <tag role="refnum">4<emph font="italic">d</emph></tag>
                <tag role="typerefnum">item 4<emph font="italic">d</emph></tag>
              </tags>
              <para xml:id="S0.I1.i4.I1.i4.p1">
                <p>Ninguna de las anteriores</p>
              </para>
            </item>
          </enumerate>
        </para>
      </item>
      <item xml:id="S0.I1.i5">
        <tags>
          <tag>5.</tag>
          <tag role="autoref">item 5</tag>
          <tag role="refnum">5</tag>
          <tag role="typerefnum">item 5</tag>
        </tags>
        <para xml:id="S0.I1.i5.p1">
          <p>Al calcular el valor de la expresión</p>
          <equation xml:id="S0.Ex3">
            <Math mode="display" tex="(3-\sqrt{6})\cdot(\sqrt{3}+\sqrt{2})-(2\sqrt{3}-3\sqrt{2})^{2}+3\sqrt{6}" text="((3 - square-root@(6)) cdot (square-root@(3) + square-root@(2)) - (2 * square-root@(3) - 3 * square-root@(2)) ^ 2) + 3 * square-root@(6)" xml:id="S0.Ex3.m1">
              <XMath>
                <XMApp>
                  <XMTok meaning="plus" role="ADDOP">+</XMTok>
                  <XMApp>
                    <XMTok meaning="minus" role="ADDOP">-</XMTok>
                    <XMApp>
                      <XMTok name="cdot" role="MULOP">⋅</XMTok>
                      <XMDual>
                        <XMRef idref="S0.Ex3.m1.1"/>
                        <XMWrap>
                          <XMTok role="OPEN" stretchy="false">(</XMTok>
                          <XMApp xml:id="S0.Ex3.m1.1">
                            <XMTok meaning="minus" role="ADDOP">-</XMTok>
                            <XMTok meaning="3" role="NUMBER">3</XMTok>
                            <XMApp>
                              <XMTok meaning="square-root"/>
                              <XMTok meaning="6" role="NUMBER">6</XMTok>
                            </XMApp>
                          </XMApp>
                          <XMTok role="CLOSE" stretchy="false">)</XMTok>
                        </XMWrap>
                      </XMDual>
                      <XMDual>
                        <XMRef idref="S0.Ex3.m1.2"/>
                        <XMWrap>
                          <XMTok role="OPEN" stretchy="false">(</XMTok>
                          <XMApp xml:id="S0.Ex3.m1.2">
                            <XMTok meaning="plus" role="ADDOP">+</XMTok>
                            <XMApp>
                              <XMTok meaning="square-root"/>
                              <XMTok meaning="3" role="NUMBER">3</XMTok>
                            </XMApp>
                            <XMApp>
                              <XMTok meaning="square-root"/>
                              <XMTok meaning="2" role="NUMBER">2</XMTok>
                            </XMApp>
                          </XMApp>
                          <XMTok role="CLOSE" stretchy="false">)</XMTok>
                        </XMWrap>
                      </XMDual>
                    </XMApp>
                    <XMApp>
                      <XMTok role="SUPERSCRIPTOP" scriptpos="post1"/>
                      <XMDual>
                        <XMRef idref="S0.Ex3.m1.3"/>
                        <XMWrap>
                          <XMTok role="OPEN" stretchy="false">(</XMTok>
                          <XMApp xml:id="S0.Ex3.m1.3">
                            <XMTok meaning="minus" role="ADDOP">-</XMTok>
                            <XMApp>
                              <XMTok meaning="times" role="MULOP">⁢</XMTok>
                              <XMTok meaning="2" role="NUMBER">2</XMTok>
                              <XMApp>
                                <XMTok meaning="square-root"/>
                                <XMTok meaning="3" role="NUMBER">3</XMTok>
                              </XMApp>
                            </XMApp>
                            <XMApp>
                              <XMTok meaning="times" role="MULOP">⁢</XMTok>
                              <XMTok meaning="3" role="NUMBER">3</XMTok>
                              <XMApp>
                                <XMTok meaning="square-root"/>
                                <XMTok meaning="2" role="NUMBER">2</XMTok>
                              </XMApp>
                            </XMApp>
                          </XMApp>
                          <XMTok role="CLOSE" stretchy="false">)</XMTok>
                        </XMWrap>
                      </XMDual>
                      <XMTok fontsize="70%" meaning="2" role="NUMBER">2</XMTok>
                    </XMApp>
                  </XMApp>
                  <XMApp>
                    <XMTok meaning="times" role="MULOP">⁢</XMTok>
                    <XMTok meaning="3" role="NUMBER">3</XMTok>
                    <XMApp>
                      <XMTok meaning="square-root"/>
                      <XMTok meaning="6" role="NUMBER">6</XMTok>
                    </XMApp>
                  </XMApp>
                </XMApp>
              </XMath>
            </Math>
          </equation>
          <p>se obtiene:</p>
        </para>
        <para xml:id="S0.I1.i5.p2">
          <enumerate xml:id="S0.I1.i5.I1">
            <item xml:id="S0.I1.i5.I1.i1">
              <tags>
                <tag><emph font="italic">a</emph>)</tag>
                <tag role="autoref">item 5<emph font="italic">a</emph></tag>
                <tag role="refnum">5<emph font="italic">a</emph></tag>
                <tag role="typerefnum">item 5<emph font="italic">a</emph></tag>
              </tags>
              <para xml:id="S0.I1.i5.I1.i1.p1">
                <p><Math mode="inline" tex="-30+\sqrt{3}+15\sqrt{6}" text="(- 30) + square-root@(3) + 15 * square-root@(6)" xml:id="S0.I1.i5.I1.i1.p1.m1">
                    <XMath>
                      <XMApp>
                        <XMTok meaning="plus" role="ADDOP">+</XMTok>
                        <XMApp>
                          <XMTok meaning="minus" role="ADDOP">-</XMTok>
                          <XMTok meaning="30" role="NUMBER">30</XMTok>
                        </XMApp>
                        <XMApp>
                          <XMTok meaning="square-root"/>
                          <XMTok meaning="3" role="NUMBER">3</XMTok>
                        </XMApp>
                        <XMApp>
                          <XMTok meaning="times" role="MULOP">⁢</XMTok>
                          <XMTok meaning="15" role="NUMBER">15</XMTok>
                          <XMApp>
                            <XMTok meaning="square-root"/>
                            <XMTok meaning="6" role="NUMBER">6</XMTok>
                          </XMApp>
                        </XMApp>
                      </XMApp>
                    </XMath>
                  </Math> (*)</p>
              </para>
<!--  %****␣test2.tex␣Line␣125␣**** -->            </item>
            <item xml:id="S0.I1.i5.I1.i2">
              <tags>
                <tag><emph font="italic">b</emph>)</tag>
                <tag role="autoref">item 5<emph font="italic">b</emph></tag>
                <tag role="refnum">5<emph font="italic">b</emph></tag>
                <tag role="typerefnum">item 5<emph font="italic">b</emph></tag>
              </tags>
              <para xml:id="S0.I1.i5.I1.i2.p1">
                <p><Math mode="inline" tex="-14\sqrt{6}" text="- 14 * square-root@(6)" xml:id="S0.I1.i5.I1.i2.p1.m1">
                    <XMath>
                      <XMApp>
                        <XMTok meaning="minus" role="ADDOP">-</XMTok>
                        <XMApp>
                          <XMTok meaning="times" role="MULOP">⁢</XMTok>
                          <XMTok meaning="14" role="NUMBER">14</XMTok>
                          <XMApp>
                            <XMTok meaning="square-root"/>
                            <XMTok meaning="6" role="NUMBER">6</XMTok>
                          </XMApp>
                        </XMApp>
                      </XMApp>
                    </XMath>
                  </Math></p>
              </para>
            </item>
            <item xml:id="S0.I1.i5.I1.i3">
              <tags>
                <tag><emph font="italic">c</emph>)</tag>
                <tag role="autoref">item 5<emph font="italic">c</emph></tag>
                <tag role="refnum">5<emph font="italic">c</emph></tag>
                <tag role="typerefnum">item 5<emph font="italic">c</emph></tag>
              </tags>
              <para xml:id="S0.I1.i5.I1.i3.p1">
                <p><Math mode="inline" tex="-45" text="- 45" xml:id="S0.I1.i5.I1.i3.p1.m1">
                    <XMath>
                      <XMApp>
                        <XMTok meaning="minus" role="ADDOP">-</XMTok>
                        <XMTok meaning="45" role="NUMBER">45</XMTok>
                      </XMApp>
                    </XMath>
                  </Math></p>
              </para>
            </item>
            <item xml:id="S0.I1.i5.I1.i4">
              <tags>
                <tag><emph font="italic">d</emph>)</tag>
                <tag role="autoref">item 5<emph font="italic">d</emph></tag>
                <tag role="refnum">5<emph font="italic">d</emph></tag>
                <tag role="typerefnum">item 5<emph font="italic">d</emph></tag>
              </tags>
              <para xml:id="S0.I1.i5.I1.i4.p1">
                <p>Ninguna de las anteriores</p>
              </para>
            </item>
          </enumerate>
        </para>
      </item>
      <item xml:id="S0.I1.i6">
        <tags>
          <tag>6.</tag>
          <tag role="autoref">item 6</tag>
          <tag role="refnum">6</tag>
          <tag role="typerefnum">item 6</tag>
        </tags>
        <para xml:id="S0.I1.i6.p1">
          <p>Al convertir en una sola potencia de <Math mode="inline" tex="a" text="a" xml:id="S0.I1.i6.p1.m1">
              <XMath>
                <XMTok font="italic" role="UNKNOWN">a</XMTok>
              </XMath>
            </Math> la expresión</p>
          <equation xml:id="S0.Ex4">
            <Math mode="display" tex="\sqrt[4]{\frac{a^{2}\cdot\sqrt{a}}{\sqrt[4]{a}\cdot\left(\sqrt[3]{a}\right)^{7%&#10;}}}" text="nth-root@(4, (a ^ 2 cdot square-root@(a)) / (nth-root@(4, a) cdot (nth-root@(3, a)) ^ 7))" xml:id="S0.Ex4.m1">
              <XMath>
                <XMApp>
                  <XMTok meaning="nth-root"/>
                  <XMTok fontsize="70%" meaning="4" role="NUMBER">4</XMTok>
                  <XMApp>
                    <XMTok mathstyle="display" meaning="divide" role="FRACOP"/>
                    <XMApp>
                      <XMTok name="cdot" role="MULOP">⋅</XMTok>
                      <XMApp>
                        <XMTok role="SUPERSCRIPTOP" scriptpos="post3"/>
                        <XMTok font="italic" role="UNKNOWN">a</XMTok>
                        <XMTok fontsize="70%" meaning="2" role="NUMBER">2</XMTok>
                      </XMApp>
                      <XMApp>
                        <XMTok meaning="square-root"/>
                        <XMTok font="italic" role="UNKNOWN">a</XMTok>
                      </XMApp>
                    </XMApp>
                    <XMApp>
                      <XMTok name="cdot" role="MULOP">⋅</XMTok>
                      <XMApp>
                        <XMTok meaning="nth-root"/>
                        <XMTok fontsize="70%" meaning="4" role="NUMBER">4</XMTok>
                        <XMTok font="italic" role="UNKNOWN">a</XMTok>
                      </XMApp>
                      <XMApp>
                        <XMTok role="SUPERSCRIPTOP" scriptpos="post3"/>
                        <XMDual>
                          <XMRef idref="S0.Ex4.m1.1"/>
                          <XMWrap>
                            <XMTok role="OPEN" stretchy="true">(</XMTok>
                            <XMApp xml:id="S0.Ex4.m1.1">
                              <XMTok meaning="nth-root"/>
                              <XMTok fontsize="70%" meaning="3" role="NUMBER">3</XMTok>
                              <XMTok font="italic" role="UNKNOWN">a</XMTok>
                            </XMApp>
                            <XMTok role="CLOSE" stretchy="true">)</XMTok>
                          </XMWrap>
                        </XMDual>
                        <XMTok fontsize="70%" meaning="7" role="NUMBER">7</XMTok>
                      </XMApp>
                    </XMApp>
                  </XMApp>
                </XMApp>
              </XMath>
            </Math>
          </equation>
          <p>se obtiene:</p>
        </para>
        <para xml:id="S0.I1.i6.p2">
          <enumerate xml:id="S0.I1.i6.I1">
            <item xml:id="S0.I1.i6.I1.i1">
              <tags>
                <tag><emph font="italic">a</emph>)</tag>
                <tag role="autoref">item 6<emph font="italic">a</emph></tag>
                <tag role="refnum">6<emph font="italic">a</emph></tag>
                <tag role="typerefnum">item 6<emph font="italic">a</emph></tag>
              </tags>
              <para xml:id="S0.I1.i6.I1.i1.p1">
                <p><Math mode="inline" tex="1" text="1" xml:id="S0.I1.i6.I1.i1.p1.m1">
                    <XMath>
                      <XMTok meaning="1" role="NUMBER">1</XMTok>
                    </XMath>
                  </Math></p>
              </para>
            </item>
            <item xml:id="S0.I1.i6.I1.i2">
              <tags>
                <tag><emph font="italic">b</emph>)</tag>
                <tag role="autoref">item 6<emph font="italic">b</emph></tag>
                <tag role="refnum">6<emph font="italic">b</emph></tag>
                <tag role="typerefnum">item 6<emph font="italic">b</emph></tag>
              </tags>
              <para xml:id="S0.I1.i6.I1.i2.p1">
                <p><Math mode="inline" tex="a^{-1/12}" text="a ^ (- 1 / 12)" xml:id="S0.I1.i6.I1.i2.p1.m1">
                    <XMath>
                      <XMApp>
                        <XMTok role="SUPERSCRIPTOP" scriptpos="post1"/>
                        <XMTok font="italic" role="UNKNOWN">a</XMTok>
                        <XMApp>
                          <XMTok fontsize="70%" meaning="minus" role="ADDOP">-</XMTok>
                          <XMApp>
                            <XMTok fontsize="70%" meaning="divide" role="MULOP">/</XMTok>
                            <XMTok fontsize="70%" meaning="1" role="NUMBER">1</XMTok>
                            <XMTok fontsize="70%" meaning="12" role="NUMBER">12</XMTok>
                          </XMApp>
                        </XMApp>
                      </XMApp>
                    </XMath>
                  </Math></p>
              </para>
            </item>
            <item xml:id="S0.I1.i6.I1.i3">
              <tags>
                <tag><emph font="italic">c</emph>)</tag>
                <tag role="autoref">item 6<emph font="italic">c</emph></tag>
                <tag role="refnum">6<emph font="italic">c</emph></tag>
                <tag role="typerefnum">item 6<emph font="italic">c</emph></tag>
              </tags>
              <para xml:id="S0.I1.i6.I1.i3.p1">
                <p><Math mode="inline" tex="a^{-1/48}" text="a ^ (- 1 / 48)" xml:id="S0.I1.i6.I1.i3.p1.m1">
                    <XMath>
                      <XMApp>
                        <XMTok role="SUPERSCRIPTOP" scriptpos="post1"/>
                        <XMTok font="italic" role="UNKNOWN">a</XMTok>
                        <XMApp>
                          <XMTok fontsize="70%" meaning="minus" role="ADDOP">-</XMTok>
                          <XMApp>
                            <XMTok fontsize="70%" meaning="divide" role="MULOP">/</XMTok>
                            <XMTok fontsize="70%" meaning="1" role="NUMBER">1</XMTok>
                            <XMTok fontsize="70%" meaning="48" role="NUMBER">48</XMTok>
                          </XMApp>
                        </XMApp>
                      </XMApp>
                    </XMath>
                  </Math> (*)</p>
              </para>
            </item>
            <item xml:id="S0.I1.i6.I1.i4">
              <tags>
                <tag><emph font="italic">d</emph>)</tag>
                <tag role="autoref">item 6<emph font="italic">d</emph></tag>
                <tag role="refnum">6<emph font="italic">d</emph></tag>
                <tag role="typerefnum">item 6<emph font="italic">d</emph></tag>
              </tags>
              <para xml:id="S0.I1.i6.I1.i4.p1">
                <p><Math mode="inline" tex="a" text="a" xml:id="S0.I1.i6.I1.i4.p1.m1">
                    <XMath>
                      <XMTok font="italic" role="UNKNOWN">a</XMTok>
                    </XMath>
                  </Math></p>
              </para>
            </item>
          </enumerate>
        </para>
      </item>
      <item xml:id="S0.I1.i7">
        <tags>
          <tag>7.</tag>
          <tag role="autoref">item 7</tag>
          <tag role="refnum">7</tag>
          <tag role="typerefnum">item 7</tag>
        </tags>
        <para xml:id="S0.I1.i7.p1">
          <p>¿Cuál de las siguientes afirmaciones es falsa?
<!--  %****␣test2.tex␣Line␣150␣**** --></p>
        </para>
        <para xml:id="S0.I1.i7.p2">
          <enumerate xml:id="S0.I1.i7.I1">
            <item xml:id="S0.I1.i7.I1.i1">
              <tags>
                <tag><emph font="italic">a</emph>)</tag>
                <tag role="autoref">item 7<emph font="italic">a</emph></tag>
                <tag role="refnum">7<emph font="italic">a</emph></tag>
                <tag role="typerefnum">item 7<emph font="italic">a</emph></tag>
              </tags>
              <para xml:id="S0.I1.i7.I1.i1.p1">
                <p><Math mode="inline" tex="\sqrt[5]{4}\leq\sqrt[10]{17}\leq\sqrt[6]{6}" text="nth-root@(5, 4) &lt;= nth-root@(10, 17) &lt;= nth-root@(6, 6)" xml:id="S0.I1.i7.I1.i1.p1.m1">
                    <XMath>
                      <XMApp>
                        <XMTok meaning="multirelation"/>
                        <XMApp>
                          <XMTok meaning="nth-root"/>
                          <XMTok fontsize="70%" meaning="5" role="NUMBER">5</XMTok>
                          <XMTok meaning="4" role="NUMBER">4</XMTok>
                        </XMApp>
                        <XMTok meaning="less-than-or-equals" name="leq" role="RELOP">≤</XMTok>
                        <XMApp>
                          <XMTok meaning="nth-root"/>
                          <XMTok fontsize="70%" meaning="10" role="NUMBER">10</XMTok>
                          <XMTok meaning="17" role="NUMBER">17</XMTok>
                        </XMApp>
                        <XMTok meaning="less-than-or-equals" name="leq" role="RELOP">≤</XMTok>
                        <XMApp>
                          <XMTok meaning="nth-root"/>
                          <XMTok fontsize="70%" meaning="6" role="NUMBER">6</XMTok>
                          <XMTok meaning="6" role="NUMBER">6</XMTok>
                        </XMApp>
                      </XMApp>
                    </XMath>
                  </Math></p>
              </para>
            </item>
            <item xml:id="S0.I1.i7.I1.i2">
              <tags>
                <tag><emph font="italic">b</emph>)</tag>
                <tag role="autoref">item 7<emph font="italic">b</emph></tag>
                <tag role="refnum">7<emph font="italic">b</emph></tag>
                <tag role="typerefnum">item 7<emph font="italic">b</emph></tag>
              </tags>
              <para xml:id="S0.I1.i7.I1.i2.p1">
                <p><Math mode="inline" tex="\sqrt[3]{4}=\sqrt[6]{16}=\sqrt[9]{64}" text="nth-root@(3, 4) = nth-root@(6, 16) = nth-root@(9, 64)" xml:id="S0.I1.i7.I1.i2.p1.m1">
                    <XMath>
                      <XMApp>
                        <XMTok meaning="multirelation"/>
                        <XMApp>
                          <XMTok meaning="nth-root"/>
                          <XMTok fontsize="70%" meaning="3" role="NUMBER">3</XMTok>
                          <XMTok meaning="4" role="NUMBER">4</XMTok>
                        </XMApp>
                        <XMTok meaning="equals" role="RELOP">=</XMTok>
                        <XMApp>
                          <XMTok meaning="nth-root"/>
                          <XMTok fontsize="70%" meaning="6" role="NUMBER">6</XMTok>
                          <XMTok meaning="16" role="NUMBER">16</XMTok>
                        </XMApp>
                        <XMTok meaning="equals" role="RELOP">=</XMTok>
                        <XMApp>
                          <XMTok meaning="nth-root"/>
                          <XMTok fontsize="70%" meaning="9" role="NUMBER">9</XMTok>
                          <XMTok meaning="64" role="NUMBER">64</XMTok>
                        </XMApp>
                      </XMApp>
                    </XMath>
                  </Math></p>
              </para>
            </item>
            <item xml:id="S0.I1.i7.I1.i3">
              <tags>
                <tag><emph font="italic">c</emph>)</tag>
                <tag role="autoref">item 7<emph font="italic">c</emph></tag>
                <tag role="refnum">7<emph font="italic">c</emph></tag>
                <tag role="typerefnum">item 7<emph font="italic">c</emph></tag>
              </tags>
              <para xml:id="S0.I1.i7.I1.i3.p1">
                <p><Math mode="inline" tex="\frac{2}{\sqrt[3]{2}}=\sqrt[3]{2}=\frac{2}{\sqrt[6]{4}}" text="2 / nth-root@(3, 2) = nth-root@(3, 2) = 2 / nth-root@(6, 4)" xml:id="S0.I1.i7.I1.i3.p1.m1">
                    <XMath>
                      <XMApp>
                        <XMTok meaning="multirelation"/>
                        <XMApp>
                          <XMTok mathstyle="text" meaning="divide" role="FRACOP"/>
                          <XMTok fontsize="70%" meaning="2" role="NUMBER">2</XMTok>
                          <XMApp>
                            <XMTok meaning="nth-root"/>
                            <XMTok fontsize="50%" meaning="3" role="NUMBER">3</XMTok>
                            <XMTok fontsize="70%" meaning="2" role="NUMBER">2</XMTok>
                          </XMApp>
                        </XMApp>
                        <XMTok meaning="equals" role="RELOP">=</XMTok>
                        <XMApp>
                          <XMTok meaning="nth-root"/>
                          <XMTok fontsize="70%" meaning="3" role="NUMBER">3</XMTok>
                          <XMTok meaning="2" role="NUMBER">2</XMTok>
                        </XMApp>
                        <XMTok meaning="equals" role="RELOP">=</XMTok>
                        <XMApp>
                          <XMTok mathstyle="text" meaning="divide" role="FRACOP"/>
                          <XMTok fontsize="70%" meaning="2" role="NUMBER">2</XMTok>
                          <XMApp>
                            <XMTok meaning="nth-root"/>
                            <XMTok fontsize="50%" meaning="6" role="NUMBER">6</XMTok>
                            <XMTok fontsize="70%" meaning="4" role="NUMBER">4</XMTok>
                          </XMApp>
                        </XMApp>
                      </XMApp>
                    </XMath>
                  </Math></p>
              </para>
            </item>
            <item xml:id="S0.I1.i7.I1.i4">
              <tags>
                <tag><emph font="italic">d</emph>)</tag>
                <tag role="autoref">item 7<emph font="italic">d</emph></tag>
                <tag role="refnum">7<emph font="italic">d</emph></tag>
                <tag role="typerefnum">item 7<emph font="italic">d</emph></tag>
              </tags>
              <para xml:id="S0.I1.i7.I1.i4.p1">
                <p><Math mode="inline" tex="\frac{1}{\sqrt[3]{2}}\leq\frac{1}{\sqrt[4]{3}}\leq\frac{1}{\sqrt[6]{5}}" text="1 / nth-root@(3, 2) &lt;= 1 / nth-root@(4, 3) &lt;= 1 / nth-root@(6, 5)" xml:id="S0.I1.i7.I1.i4.p1.m1">
                    <XMath>
                      <XMApp>
                        <XMTok meaning="multirelation"/>
                        <XMApp>
                          <XMTok mathstyle="text" meaning="divide" role="FRACOP"/>
                          <XMTok fontsize="70%" meaning="1" role="NUMBER">1</XMTok>
                          <XMApp>
                            <XMTok meaning="nth-root"/>
                            <XMTok fontsize="50%" meaning="3" role="NUMBER">3</XMTok>
                            <XMTok fontsize="70%" meaning="2" role="NUMBER">2</XMTok>
                          </XMApp>
                        </XMApp>
                        <XMTok meaning="less-than-or-equals" name="leq" role="RELOP">≤</XMTok>
                        <XMApp>
                          <XMTok mathstyle="text" meaning="divide" role="FRACOP"/>
                          <XMTok fontsize="70%" meaning="1" role="NUMBER">1</XMTok>
                          <XMApp>
                            <XMTok meaning="nth-root"/>
                            <XMTok fontsize="50%" meaning="4" role="NUMBER">4</XMTok>
                            <XMTok fontsize="70%" meaning="3" role="NUMBER">3</XMTok>
                          </XMApp>
                        </XMApp>
                        <XMTok meaning="less-than-or-equals" name="leq" role="RELOP">≤</XMTok>
                        <XMApp>
                          <XMTok mathstyle="text" meaning="divide" role="FRACOP"/>
                          <XMTok fontsize="70%" meaning="1" role="NUMBER">1</XMTok>
                          <XMApp>
                            <XMTok meaning="nth-root"/>
                            <XMTok fontsize="50%" meaning="6" role="NUMBER">6</XMTok>
                            <XMTok fontsize="70%" meaning="5" role="NUMBER">5</XMTok>
                          </XMApp>
                        </XMApp>
                      </XMApp>
                    </XMath>
                  </Math> (*)</p>
              </para>
            </item>
          </enumerate>
        </para>
      </item>
      <item xml:id="S0.I1.i8">
        <tags>
          <tag>8.</tag>
          <tag role="autoref">item 8</tag>
          <tag role="refnum">8</tag>
          <tag role="typerefnum">item 8</tag>
        </tags>
        <para xml:id="S0.I1.i8.p1">
          <p>Al racionalizar la expresión</p>
          <equation xml:id="S0.Ex5">
            <Math mode="display" tex="\frac{3\sqrt{3}}{\sqrt[3]{16}}" text="(3 * square-root@(3)) / nth-root@(3, 16)" xml:id="S0.Ex5.m1">
              <XMath>
                <XMApp>
                  <XMTok mathstyle="display" meaning="divide" role="FRACOP"/>
                  <XMApp>
                    <XMTok meaning="times" role="MULOP">⁢</XMTok>
                    <XMTok meaning="3" role="NUMBER">3</XMTok>
                    <XMApp>
                      <XMTok meaning="square-root"/>
                      <XMTok meaning="3" role="NUMBER">3</XMTok>
                    </XMApp>
                  </XMApp>
                  <XMApp>
                    <XMTok meaning="nth-root"/>
                    <XMTok fontsize="70%" meaning="3" role="NUMBER">3</XMTok>
                    <XMTok meaning="16" role="NUMBER">16</XMTok>
                  </XMApp>
                </XMApp>
              </XMath>
            </Math>
          </equation>
          <p>se obtiene:</p>
        </para>
        <para xml:id="S0.I1.i8.p2">
          <enumerate xml:id="S0.I1.i8.I1">
            <item xml:id="S0.I1.i8.I1.i1">
              <tags>
                <tag><emph font="italic">a</emph>)</tag>
                <tag role="autoref">item 8<emph font="italic">a</emph></tag>
                <tag role="refnum">8<emph font="italic">a</emph></tag>
                <tag role="typerefnum">item 8<emph font="italic">a</emph></tag>
              </tags>
              <para xml:id="S0.I1.i8.I1.i1.p1">
                <p><Math mode="inline" tex="\frac{3}{4}\sqrt[3]{12}" text="(3 / 4) * nth-root@(3, 12)" xml:id="S0.I1.i8.I1.i1.p1.m1">
                    <XMath>
                      <XMApp>
                        <XMTok meaning="times" role="MULOP">⁢</XMTok>
                        <XMApp>
                          <XMTok mathstyle="text" meaning="divide" role="FRACOP"/>
                          <XMTok fontsize="70%" meaning="3" role="NUMBER">3</XMTok>
                          <XMTok fontsize="70%" meaning="4" role="NUMBER">4</XMTok>
                        </XMApp>
                        <XMApp>
                          <XMTok meaning="nth-root"/>
                          <XMTok fontsize="70%" meaning="3" role="NUMBER">3</XMTok>
                          <XMTok meaning="12" role="NUMBER">12</XMTok>
                        </XMApp>
                      </XMApp>
                    </XMath>
                  </Math></p>
              </para>
            </item>
            <item xml:id="S0.I1.i8.I1.i2">
              <tags>
                <tag><emph font="italic">b</emph>)</tag>
                <tag role="autoref">item 8<emph font="italic">b</emph></tag>
                <tag role="refnum">8<emph font="italic">b</emph></tag>
                <tag role="typerefnum">item 8<emph font="italic">b</emph></tag>
              </tags>
              <para xml:id="S0.I1.i8.I1.i2.p1">
                <p><Math mode="inline" tex="\frac{3}{4}\sqrt[6]{432}" text="(3 / 4) * nth-root@(6, 432)" xml:id="S0.I1.i8.I1.i2.p1.m1">
                    <XMath>
                      <XMApp>
                        <XMTok meaning="times" role="MULOP">⁢</XMTok>
                        <XMApp>
                          <XMTok mathstyle="text" meaning="divide" role="FRACOP"/>
                          <XMTok fontsize="70%" meaning="3" role="NUMBER">3</XMTok>
                          <XMTok fontsize="70%" meaning="4" role="NUMBER">4</XMTok>
                        </XMApp>
                        <XMApp>
                          <XMTok meaning="nth-root"/>
                          <XMTok fontsize="70%" meaning="6" role="NUMBER">6</XMTok>
                          <XMTok meaning="432" role="NUMBER">432</XMTok>
                        </XMApp>
                      </XMApp>
                    </XMath>
                  </Math> (*)</p>
              </para>
            </item>
            <item xml:id="S0.I1.i8.I1.i3">
              <tags>
                <tag><emph font="italic">c</emph>)</tag>
                <tag role="autoref">item 8<emph font="italic">c</emph></tag>
                <tag role="refnum">8<emph font="italic">c</emph></tag>
                <tag role="typerefnum">item 8<emph font="italic">c</emph></tag>
              </tags>
              <para xml:id="S0.I1.i8.I1.i3.p1">
                <p><Math mode="inline" tex="\frac{3}{4}\sqrt[3]{12}" text="(3 / 4) * nth-root@(3, 12)" xml:id="S0.I1.i8.I1.i3.p1.m1">
                    <XMath>
                      <XMApp>
                        <XMTok meaning="times" role="MULOP">⁢</XMTok>
                        <XMApp>
                          <XMTok mathstyle="text" meaning="divide" role="FRACOP"/>
                          <XMTok fontsize="70%" meaning="3" role="NUMBER">3</XMTok>
                          <XMTok fontsize="70%" meaning="4" role="NUMBER">4</XMTok>
                        </XMApp>
                        <XMApp>
                          <XMTok meaning="nth-root"/>
                          <XMTok fontsize="70%" meaning="3" role="NUMBER">3</XMTok>
                          <XMTok meaning="12" role="NUMBER">12</XMTok>
                        </XMApp>
                      </XMApp>
                    </XMath>
                  </Math></p>
              </para>
<!--  %****␣test2.tex␣Line␣175␣**** -->            </item>
            <item xml:id="S0.I1.i8.I1.i4">
              <tags>
                <tag><emph font="italic">d</emph>)</tag>
                <tag role="autoref">item 8<emph font="italic">d</emph></tag>
                <tag role="refnum">8<emph font="italic">d</emph></tag>
                <tag role="typerefnum">item 8<emph font="italic">d</emph></tag>
              </tags>
              <para xml:id="S0.I1.i8.I1.i4.p1">
                <p><Math mode="inline" tex="\frac{3}{4}\sqrt{12}" text="(3 / 4) * square-root@(12)" xml:id="S0.I1.i8.I1.i4.p1.m1">
                    <XMath>
                      <XMApp>
                        <XMTok meaning="times" role="MULOP">⁢</XMTok>
                        <XMApp>
                          <XMTok mathstyle="text" meaning="divide" role="FRACOP"/>
                          <XMTok fontsize="70%" meaning="3" role="NUMBER">3</XMTok>
                          <XMTok fontsize="70%" meaning="4" role="NUMBER">4</XMTok>
                        </XMApp>
                        <XMApp>
                          <XMTok meaning="square-root"/>
                          <XMTok meaning="12" role="NUMBER">12</XMTok>
                        </XMApp>
                      </XMApp>
                    </XMath>
                  </Math></p>
              </para>
            </item>
          </enumerate>
        </para>
      </item>
      <item xml:id="S0.I1.i9">
        <tags>
          <tag>9.</tag>
          <tag role="autoref">item 9</tag>
          <tag role="refnum">9</tag>
          <tag role="typerefnum">item 9</tag>
        </tags>
        <para xml:id="S0.I1.i9.p1">
          <p>Al racionalizar la expresión</p>
          <equation xml:id="S0.Ex6">
            <Math mode="display" tex="\frac{4\sqrt{2}}{5\sqrt{3}-2\sqrt{2}}" text="(4 * square-root@(2)) / (5 * square-root@(3) - 2 * square-root@(2))" xml:id="S0.Ex6.m1">
              <XMath>
                <XMApp>
                  <XMTok mathstyle="display" meaning="divide" role="FRACOP"/>
                  <XMApp>
                    <XMTok meaning="times" role="MULOP">⁢</XMTok>
                    <XMTok meaning="4" role="NUMBER">4</XMTok>
                    <XMApp>
                      <XMTok meaning="square-root"/>
                      <XMTok meaning="2" role="NUMBER">2</XMTok>
                    </XMApp>
                  </XMApp>
                  <XMApp>
                    <XMTok meaning="minus" role="ADDOP">-</XMTok>
                    <XMApp>
                      <XMTok meaning="times" role="MULOP">⁢</XMTok>
                      <XMTok meaning="5" role="NUMBER">5</XMTok>
                      <XMApp>
                        <XMTok meaning="square-root"/>
                        <XMTok meaning="3" role="NUMBER">3</XMTok>
                      </XMApp>
                    </XMApp>
                    <XMApp>
                      <XMTok meaning="times" role="MULOP">⁢</XMTok>
                      <XMTok meaning="2" role="NUMBER">2</XMTok>
                      <XMApp>
                        <XMTok meaning="square-root"/>
                        <XMTok meaning="2" role="NUMBER">2</XMTok>
                      </XMApp>
                    </XMApp>
                  </XMApp>
                </XMApp>
              </XMath>
            </Math>
          </equation>
          <p>se obtiene:</p>
        </para>
        <para xml:id="S0.I1.i9.p2">
          <enumerate xml:id="S0.I1.i9.I1">
            <item xml:id="S0.I1.i9.I1.i1">
              <tags>
                <tag><emph font="italic">a</emph>)</tag>
                <tag role="autoref">item 9<emph font="italic">a</emph></tag>
                <tag role="refnum">9<emph font="italic">a</emph></tag>
                <tag role="typerefnum">item 9<emph font="italic">a</emph></tag>
              </tags>
              <para xml:id="S0.I1.i9.I1.i1.p1">
                <p><Math mode="inline" tex="\frac{36\sqrt{6}}{83}" text="(36 * square-root@(6)) / 83" xml:id="S0.I1.i9.I1.i1.p1.m1">
                    <XMath>
                      <XMApp>
                        <XMTok mathstyle="text" meaning="divide" role="FRACOP"/>
                        <XMApp>
                          <XMTok meaning="times" role="MULOP">⁢</XMTok>
                          <XMTok fontsize="70%" meaning="36" role="NUMBER">36</XMTok>
                          <XMApp>
                            <XMTok meaning="square-root"/>
                            <XMTok fontsize="70%" meaning="6" role="NUMBER">6</XMTok>
                          </XMApp>
                        </XMApp>
                        <XMTok fontsize="70%" meaning="83" role="NUMBER">83</XMTok>
                      </XMApp>
                    </XMath>
                  </Math></p>
              </para>
            </item>
            <item xml:id="S0.I1.i9.I1.i2">
              <tags>
                <tag><emph font="italic">b</emph>)</tag>
                <tag role="autoref">item 9<emph font="italic">b</emph></tag>
                <tag role="refnum">9<emph font="italic">b</emph></tag>
                <tag role="typerefnum">item 9<emph font="italic">b</emph></tag>
              </tags>
              <para xml:id="S0.I1.i9.I1.i2.p1">
                <p><Math mode="inline" tex="\frac{36\sqrt{6}}{67}" text="(36 * square-root@(6)) / 67" xml:id="S0.I1.i9.I1.i2.p1.m1">
                    <XMath>
                      <XMApp>
                        <XMTok mathstyle="text" meaning="divide" role="FRACOP"/>
                        <XMApp>
                          <XMTok meaning="times" role="MULOP">⁢</XMTok>
                          <XMTok fontsize="70%" meaning="36" role="NUMBER">36</XMTok>
                          <XMApp>
                            <XMTok meaning="square-root"/>
                            <XMTok fontsize="70%" meaning="6" role="NUMBER">6</XMTok>
                          </XMApp>
                        </XMApp>
                        <XMTok fontsize="70%" meaning="67" role="NUMBER">67</XMTok>
                      </XMApp>
                    </XMath>
                  </Math></p>
              </para>
            </item>
            <item xml:id="S0.I1.i9.I1.i3">
              <tags>
                <tag><emph font="italic">c</emph>)</tag>
                <tag role="autoref">item 9<emph font="italic">c</emph></tag>
                <tag role="refnum">9<emph font="italic">c</emph></tag>
                <tag role="typerefnum">item 9<emph font="italic">c</emph></tag>
              </tags>
              <para xml:id="S0.I1.i9.I1.i3.p1">
                <p><Math mode="inline" tex="\frac{16+20\sqrt{6}}{67}" text="(16 + 20 * square-root@(6)) / 67" xml:id="S0.I1.i9.I1.i3.p1.m1">
                    <XMath>
                      <XMApp>
                        <XMTok mathstyle="text" meaning="divide" role="FRACOP"/>
                        <XMApp>
                          <XMTok fontsize="70%" meaning="plus" role="ADDOP">+</XMTok>
                          <XMTok fontsize="70%" meaning="16" role="NUMBER">16</XMTok>
                          <XMApp>
                            <XMTok meaning="times" role="MULOP">⁢</XMTok>
                            <XMTok fontsize="70%" meaning="20" role="NUMBER">20</XMTok>
                            <XMApp>
                              <XMTok meaning="square-root"/>
                              <XMTok fontsize="70%" meaning="6" role="NUMBER">6</XMTok>
                            </XMApp>
                          </XMApp>
                        </XMApp>
                        <XMTok fontsize="70%" meaning="67" role="NUMBER">67</XMTok>
                      </XMApp>
                    </XMath>
                  </Math> (*)</p>
              </para>
            </item>
            <item xml:id="S0.I1.i9.I1.i4">
              <tags>
                <tag><emph font="italic">d</emph>)</tag>
                <tag role="autoref">item 9<emph font="italic">d</emph></tag>
                <tag role="refnum">9<emph font="italic">d</emph></tag>
                <tag role="typerefnum">item 9<emph font="italic">d</emph></tag>
              </tags>
              <para xml:id="S0.I1.i9.I1.i4.p1">
                <p>Ninguna de las anteriores</p>
              </para>
            </item>
          </enumerate>
        </para>
      </item>
      <item xml:id="S0.I1.i10">
        <tags>
          <tag>10.</tag>
          <tag role="autoref">item 10</tag>
          <tag role="refnum">10</tag>
          <tag role="typerefnum">item 10</tag>
        </tags>
        <para xml:id="S0.I1.i10.p1">
          <p>Al simplificar la expresión</p>
          <equation xml:id="S0.Ex7">
            <Math mode="display" tex="\sqrt{a\cdot\sqrt[3]{a^{2}}}\cdot\sqrt[3]{a\cdot\sqrt{a^{3}}}\cdot\sqrt[3]{a%&#10;\cdot\sqrt[4]{a^{3}}}\cdot\sqrt[3]{a^{2}\cdot\sqrt{a\cdot\sqrt{a}}}" text="square-root@(a cdot nth-root@(3, a ^ 2)) cdot nth-root@(3, a cdot square-root@(a ^ 3)) cdot nth-root@(3, a cdot nth-root@(4, a ^ 3)) cdot nth-root@(3, a ^ 2 cdot square-root@(a cdot square-root@(a)))" xml:id="S0.Ex7.m1">
              <XMath>
                <XMApp>
                  <XMTok name="cdot" role="MULOP">⋅</XMTok>
                  <XMApp>
                    <XMTok meaning="square-root"/>
                    <XMApp>
                      <XMTok name="cdot" role="MULOP">⋅</XMTok>
                      <XMTok font="italic" role="UNKNOWN">a</XMTok>
                      <XMApp>
                        <XMTok meaning="nth-root"/>
                        <XMTok fontsize="70%" meaning="3" role="NUMBER">3</XMTok>
                        <XMApp>
                          <XMTok role="SUPERSCRIPTOP" scriptpos="post3"/>
                          <XMTok font="italic" role="UNKNOWN">a</XMTok>
                          <XMTok fontsize="70%" meaning="2" role="NUMBER">2</XMTok>
                        </XMApp>
                      </XMApp>
                    </XMApp>
                  </XMApp>
                  <XMApp>
                    <XMTok meaning="nth-root"/>
                    <XMTok fontsize="70%" meaning="3" role="NUMBER">3</XMTok>
                    <XMApp>
                      <XMTok name="cdot" role="MULOP">⋅</XMTok>
                      <XMTok font="italic" role="UNKNOWN">a</XMTok>
                      <XMApp>
                        <XMTok meaning="square-root"/>
                        <XMApp>
                          <XMTok role="SUPERSCRIPTOP" scriptpos="post3"/>
                          <XMTok font="italic" role="UNKNOWN">a</XMTok>
                          <XMTok fontsize="70%" meaning="3" role="NUMBER">3</XMTok>
                        </XMApp>
                      </XMApp>
                    </XMApp>
                  </XMApp>
                  <XMApp>
                    <XMTok meaning="nth-root"/>
                    <XMTok fontsize="70%" meaning="3" role="NUMBER">3</XMTok>
                    <XMApp>
                      <XMTok name="cdot" role="MULOP">⋅</XMTok>
                      <XMTok font="italic" role="UNKNOWN">a</XMTok>
                      <XMApp>
                        <XMTok meaning="nth-root"/>
                        <XMTok fontsize="70%" meaning="4" role="NUMBER">4</XMTok>
                        <XMApp>
                          <XMTok role="SUPERSCRIPTOP" scriptpos="post3"/>
                          <XMTok font="italic" role="UNKNOWN">a</XMTok>
                          <XMTok fontsize="70%" meaning="3" role="NUMBER">3</XMTok>
                        </XMApp>
                      </XMApp>
                    </XMApp>
                  </XMApp>
                  <XMApp>
                    <XMTok meaning="nth-root"/>
                    <XMTok fontsize="70%" meaning="3" role="NUMBER">3</XMTok>
                    <XMApp>
                      <XMTok name="cdot" role="MULOP">⋅</XMTok>
                      <XMApp>
                        <XMTok role="SUPERSCRIPTOP" scriptpos="post2"/>
                        <XMTok font="italic" role="UNKNOWN">a</XMTok>
                        <XMTok fontsize="70%" meaning="2" role="NUMBER">2</XMTok>
                      </XMApp>
                      <XMApp>
                        <XMTok meaning="square-root"/>
                        <XMApp>
                          <XMTok name="cdot" role="MULOP">⋅</XMTok>
                          <XMTok font="italic" role="UNKNOWN">a</XMTok>
                          <XMApp>
                            <XMTok meaning="square-root"/>
                            <XMTok font="italic" role="UNKNOWN">a</XMTok>
                          </XMApp>
                        </XMApp>
                      </XMApp>
                    </XMApp>
                  </XMApp>
                </XMApp>
              </XMath>
            </Math>
          </equation>
          <p>se obtiene
<!--  %****␣test2.tex␣Line␣200␣**** --></p>
        </para>
        <para xml:id="S0.I1.i10.p2">
          <enumerate xml:id="S0.I1.i10.I1">
            <item xml:id="S0.I1.i10.I1.i1">
              <tags>
                <tag><emph font="italic">a</emph>)</tag>
                <tag role="autoref">item 10<emph font="italic">a</emph></tag>
                <tag role="refnum">10<emph font="italic">a</emph></tag>
                <tag role="typerefnum">item 10<emph font="italic">a</emph></tag>
              </tags>
              <para xml:id="S0.I1.i10.I1.i1.p1">
                <p><Math mode="inline" tex="a^{3}\cdot\sqrt[6]{a}" text="a ^ 3 cdot nth-root@(6, a)" xml:id="S0.I1.i10.I1.i1.p1.m1">
                    <XMath>
                      <XMApp>
                        <XMTok name="cdot" role="MULOP">⋅</XMTok>
                        <XMApp>
                          <XMTok role="SUPERSCRIPTOP" scriptpos="post1"/>
                          <XMTok font="italic" role="UNKNOWN">a</XMTok>
                          <XMTok fontsize="70%" meaning="3" role="NUMBER">3</XMTok>
                        </XMApp>
                        <XMApp>
                          <XMTok meaning="nth-root"/>
                          <XMTok fontsize="70%" meaning="6" role="NUMBER">6</XMTok>
                          <XMTok font="italic" role="UNKNOWN">a</XMTok>
                        </XMApp>
                      </XMApp>
                    </XMath>
                  </Math> (*)</p>
              </para>
            </item>
            <item xml:id="S0.I1.i10.I1.i2">
              <tags>
                <tag><emph font="italic">b</emph>)</tag>
                <tag role="autoref">item 10<emph font="italic">b</emph></tag>
                <tag role="refnum">10<emph font="italic">b</emph></tag>
                <tag role="typerefnum">item 10<emph font="italic">b</emph></tag>
              </tags>
              <para xml:id="S0.I1.i10.I1.i2.p1">
                <p><Math mode="inline" tex="a^{2}\cdot\sqrt[3]{a}" text="a ^ 2 cdot nth-root@(3, a)" xml:id="S0.I1.i10.I1.i2.p1.m1">
                    <XMath>
                      <XMApp>
                        <XMTok name="cdot" role="MULOP">⋅</XMTok>
                        <XMApp>
                          <XMTok role="SUPERSCRIPTOP" scriptpos="post1"/>
                          <XMTok font="italic" role="UNKNOWN">a</XMTok>
                          <XMTok fontsize="70%" meaning="2" role="NUMBER">2</XMTok>
                        </XMApp>
                        <XMApp>
                          <XMTok meaning="nth-root"/>
                          <XMTok fontsize="70%" meaning="3" role="NUMBER">3</XMTok>
                          <XMTok font="italic" role="UNKNOWN">a</XMTok>
                        </XMApp>
                      </XMApp>
                    </XMath>
                  </Math></p>
              </para>
            </item>
            <item xml:id="S0.I1.i10.I1.i3">
              <tags>
                <tag><emph font="italic">c</emph>)</tag>
                <tag role="autoref">item 10<emph font="italic">c</emph></tag>
                <tag role="refnum">10<emph font="italic">c</emph></tag>
                <tag role="typerefnum">item 10<emph font="italic">c</emph></tag>
              </tags>
              <para xml:id="S0.I1.i10.I1.i3.p1">
                <p><Math mode="inline" tex="\sqrt[6]{a}" text="nth-root@(6, a)" xml:id="S0.I1.i10.I1.i3.p1.m1">
                    <XMath>
                      <XMApp>
                        <XMTok meaning="nth-root"/>
                        <XMTok fontsize="70%" meaning="6" role="NUMBER">6</XMTok>
                        <XMTok font="italic" role="UNKNOWN">a</XMTok>
                      </XMApp>
                    </XMath>
                  </Math></p>
              </para>
            </item>
            <item xml:id="S0.I1.i10.I1.i4">
              <tags>
                <tag><emph font="italic">d</emph>)</tag>
                <tag role="autoref">item 10<emph font="italic">d</emph></tag>
                <tag role="refnum">10<emph font="italic">d</emph></tag>
                <tag role="typerefnum">item 10<emph font="italic">d</emph></tag>
              </tags>
              <para xml:id="S0.I1.i10.I1.i4.p1">
                <p>Ninguna de las anteriores</p>
              </para>
            </item>
          </enumerate>
        </para>
      </item>
    </enumerate>
  </para>
</document>
